Element,P (kW),Q (kVAR),S (kVA)
Vsource.source,-89.07467383849551,-54.871582926178064,104.61925316240216
Transformer.xfmr,89.07467383844516,54.87158292614083,104.61925316233976
Load.load1,33.333333957833965,16.666636375306997,37.26778663686902
Line.line1,55.511462940333494,36.56250874095918,66.47059171700471
Load.load2,49.6409667728226,24.819367744511595,55.499789165165126
